Time (JD),Relative Flux,Relative Flux Error
2458887.429,0.9992996,0.001770185
2458887.431,1.0008682,0.001767411
2458887.432,0.9997762,0.001769341
2458887.434,1.0003666,0.001768297
2458887.435,1.0002345,0.001768531
2458887.436,1.0007018,0.001767705
2458887.438,1.0005192,0.001768027
2458887.439,0.9987842,0.001771099
2458887.44,1.0007635,0.001767596
2458887.442,0.998908,0.001770879
2458887.443,1.0003766,0.001768279
2458887.445,0.9999645,0.001769008
2458887.446,0.9994387,0.001769939
2458887.447,0.9992068,0.00177035
2458887.449,0.99931747,0.001770153
2458887.45,0.9991901,0.001770379
2458887.452,1.0006263,0.001767838
2458887.453,1.0006131,0.001767861
2458887.454,0.9997533,0.001769382
2458887.456,0.9986322,0.001771368
2458887.457,0.99879295,0.001771083
2458887.459,0.99949145,0.001769845
2458887.46,1.0004252,0.001768193
2458887.461,0.99886113,0.001770962
2458887.463,0.9999937,0.001768956
2458887.464,1.0008863,0.001767379
2458887.465,0.99882275,0.00177103
2458887.467,1.0000933,0.00176878
2458887.468,0.9998746,0.001769167
2458887.47,1.0007877,0.001767553
2458887.471,0.99999064,0.001768962
2458887.472,1.0005413,0.001767988
2458887.474,0.99978703,0.001769322
2458887.475,0.99895567,0.001770794
2458887.477,1.0000429,0.001768869
2458887.478,0.99795777,0.001772565
2458887.479,1.0002829,0.001768445
2458887.481,0.99930626,0.001770173
2458887.482,0.9999533,0.001769028
2458887.484,1.0007567,0.001767608
2458887.485,1.0000722,0.001768817
2458887.486,1.0003524,0.001768322
2458887.488,1.0001402,0.001768697
2458887.489,0.99991137,0.001769102
2458887.49,0.9991857,0.001770387
2458887.492,1.0001645,0.001768654
2458887.495,0.99983704,0.001769234
2458887.496,1.0000643,0.001768832
2458887.497,0.999959,0.001769018
2458887.499,1.0000309,0.001768891
2458887.5,1.0001827,0.001768622
2458887.502,0.9992196,0.001770327
2458887.503,0.9994239,0.001769965
2458887.504,1.0001298,0.001768716
2458887.506,1.0000663,0.001768828
2458887.507,1.0001022,0.001768765
2458887.509,0.99941105,0.001769988
2458887.511,0.9985576,0.0017715
2458887.514,0.9991734,0.001770409
2458887.517,0.9998409,0.001769227
2458887.518,0.9999818,0.001768977
2458887.52,0.999834,0.001769239
2458887.521,0.99950814,0.001769816
2458887.522,1.0004369,0.001768173
2458887.524,1.000056,0.001768846
2458887.525,0.99979275,0.001769312
2458887.527,0.9986338,0.001771365
2458887.528,1.000556,0.001767962
2458887.529,0.9994215,0.001769969
2458887.531,1.000541,0.001767989
2458887.532,0.99939656,0.001770013
2458887.534,0.99904823,0.00177063
2458887.535,1.0000783,0.001768807
2458887.536,0.99975854,0.001769372
2458887.538,1.0004939,0.001768072
2458887.539,0.9992161,0.001770333
2458887.54,0.9996856,0.001769502
2458887.542,0.9999678,0.001769002
2458887.543,0.9993891,0.001770026
2458887.545,1.000363,0.001768303
2458887.546,1.0001516,0.001768677
2458887.549,1.000026,0.001768899
2458887.55,0.9993679,0.001770064
2458887.552,0.9999668,0.001769004
2458887.553,1.0001832,0.001768621
2458887.554,1.0003463,0.001768333
2458887.556,0.9999554,0.001769024
2458887.557,0.99987864,0.00176916
2458887.559,0.99980724,0.001769286
2458887.56,0.9991829,0.001770392
2458887.561,0.99959964,0.001769654
2458887.563,1.0005075,0.001768048
2458887.564,0.999839,0.00176923
2458887.565,1.0002298,0.001768539
2458887.567,1.0004491,0.001768151
2458887.568,1.0004191,0.001768204
2458887.57,0.99943507,0.001769945
2458887.571,0.99918276,0.001770392
2458887.572,1.0010337,0.001767119
2458887.574,0.99858403,0.001771453
2458887.575,1.0009928,0.001767191
2458887.577,0.9986518,0.001771333
2458887.578,0.9990654,0.0017706
2458887.579,0.9998142,0.001769274
2458887.581,0.9994482,0.001769922
2458887.582,1.0006347,0.001767823
2458887.584,0.9996025,0.001769649
2458887.585,1.0005568,0.001767961
2458887.586,1.0004503,0.001768149
2458887.588,0.99981517,0.001769272
2458887.589,0.99887425,0.001770939
2458887.59,0.9990444,0.001770637
2458887.593,1.0004717,0.001768111
2458887.595,0.9988196,0.001771036
2458887.596,0.9999503,0.001769033
2458887.597,0.9999552,0.001769024
2458887.599,1.0006305,0.001767831
2458887.6,0.99966663,0.001769535
2458887.602,1.0002233,0.00176855
2458887.603,1.00053,0.001768008
2458887.604,1.0000184,0.001768913
2458887.606,0.99907494,0.001770583
2458887.607,0.9999874,0.001768967
2458887.609,0.99980664,0.001769287
2458887.61,1.0000645,0.001768831
2458887.611,1.0007725,0.00176758
2458887.613,1.0005143,0.001768036
2458887.614,0.9995595,0.001769725
2458887.615,1.0000048,0.001768937
2458887.617,1.0000412,0.001768872
2458887.618,0.99953085,0.001769775
2458887.62,0.9994063,0.001769996
2458887.624,0.99975353,0.001769381
2458887.625,1.000511,0.001768042
2458887.628,0.99971783,0.001769444
2458887.629,1.0003672,0.001768296
2458887.631,1.0006112,0.001767865
2458887.632,1.0003935,0.001768249
2458887.634,0.99957603,0.001769695
2458887.635,1.0004524,0.001768145
2458887.636,1.0001316,0.001768712
2458887.638,1.0007622,0.001767598
2458887.639,0.9995059,0.00176982
2458887.64,1.0003731,0.001768285
2458887.642,0.9987178,0.001771216
2458887.643,0.9994692,0.001769885
2458887.645,0.99972636,0.001769429
2458887.646,0.9990426,0.00177064
2458887.647,0.9998893,0.001769141
2458887.649,1.0003761,0.00176828
2458887.65,0.99951154,0.00176981
2458887.652,1.0001106,0.001768749
2458887.653,0.99999183,0.00176896
2458887.654,1.0002857,0.00176844
2458887.656,0.99910754,0.001770525
2458887.657,1.0002575,0.00176849
2458887.659,0.99951285,0.001769807
2458887.66,1.0006862,0.001767732
2458887.661,1.0000131,0.001768922
2458887.663,1.0010282,0.001767128
2458887.664,1.0003875,0.00176826
2458887.665,1.0004131,0.001768215
2458887.667,1.0000039,0.001768938
2458887.668,1.0003586,0.001768311
2458887.67,0.9998887,0.001769142
2458887.671,1.000633,0.001767826
2458887.672,0.99895436,0.001770797
2458887.674,0.9997188,0.001769443
2458887.675,1.0000008,0.001768944
2458887.678,1.000577,0.001767925
2458887.679,0.99959254,0.001769666
2458887.681,0.9998527,0.001769206
2458887.682,0.99964935,0.001769566
2458887.684,0.99921095,0.001770342
2458887.686,1.0002553,0.001768494
2458887.688,0.9997921,0.001769313
2458887.69,1.0011238,0.001766959
2458887.692,0.998957,0.001770792
2458887.693,0.9997027,0.001769471
2458887.695,1.0002749,0.001768459
2458887.696,0.99979085,0.001769315
2458887.697,1.0004133,0.001768214
2458887.699,1.0000752,0.001768812
2458887.7,0.9988727,0.001770942
2458887.702,0.999378,0.001770046
2458887.703,1.000544,0.001767983
2458887.704,0.99973446,0.001769415
2458887.706,1.0006361,0.001767821
2458887.707,0.99991363,0.001769098
2458887.709,0.9998552,0.001769201
2458887.71,1.0004492,0.001768151
2458887.711,0.99981207,0.001769278
2458887.714,1.0001428,0.001768693
2458887.715,0.99924415,0.001770283
2458887.717,0.99979275,0.001769312
2458887.718,0.99987614,0.001769164
2458887.72,0.9993181,0.001770152
2458887.721,1.0008612,0.001767423
2458887.722,0.9996704,0.001769528
2458887.724,0.9982565,0.001772035
2458887.725,1.0004859,0.001768086
2458887.727,1.0001526,0.001768675
2458887.729,0.99954265,0.001769755
2458887.731,0.9999569,0.001769021
2458887.732,1.000651,0.001767794
2458887.734,1.0009782,0.001767216
2458887.735,1.0009072,0.001767342
2458887.736,1.0002102,0.001768573
2458887.738,1.0006541,0.001767789
2458887.739,0.9996655,0.001769537
2458887.74,0.9995418,0.001769756
2458887.742,0.99985963,0.001769193
2458887.743,1.000092,0.001768782
2458887.745,1.0005647,0.001767947
2458887.746,1.0005546,0.001767965
2458887.747,1.0002421,0.001768517
2458887.749,1.0002679,0.001768471
2458887.752,0.99990094,0.00176912
2458887.753,0.99892884,0.001770842
2458887.754,0.99981654,0.00176927
2458887.756,1.0003005,0.001768414
2458887.757,0.99968195,0.001769508
2458887.759,1.0002966,0.001768421
2458887.76,1.0001266,0.001768721
2458887.761,1.0003141,0.00176839
2458887.763,0.99999267,0.001768958
2458887.764,0.9999778,0.001768984
2458887.765,1.0000063,0.001768934
2458887.767,0.9995096,0.001769813
2458887.768,1.000365,0.0017683
2458887.77,1.0011609,0.001766894
2458887.771,1.0000603,0.001768838
2458887.772,0.99996984,0.001768999
2458887.774,1.0008273,0.001767483
2458887.775,0.9995078,0.001769816
2458887.777,1.0002147,0.001768565
2458887.778,0.99867046,0.0017713
2458887.779,0.9994351,0.001769945
2458887.781,1.0002962,0.001768421
2458887.782,1.0000917,0.001768783
2458887.784,1.0001355,0.001768705
2458887.785,1.0005143,0.001768036
2458887.786,0.9990228,0.001770675
2458887.788,1.0003049,0.001768406
2458887.789,1.0005443,0.001767983
2458887.79,0.99971646,0.001769447
2458887.792,1.0000567,0.001768845
2458887.793,1.0003809,0.001768272
2458887.795,0.99965525,0.001769555
2458887.796,1.0007133,0.001767684
2458887.797,0.99996763,0.001769002
2458887.799,0.99940753,0.001769994
2458887.8,1.0001537,0.001768673
2458887.802,1.0005492,0.001767974
2458887.803,1.000615,0.001767858
2458887.804,0.99991554,0.001769095
2458887.806,0.9988623,0.00177096
2458887.807,1.0005908,0.001767901
2458887.809,0.9996686,0.001769532
2458887.81,1.0000192,0.001768911
2458887.811,0.9999503,0.001769033
2458887.813,0.99971974,0.001769441
2458887.814,0.99996287,0.001769011
2458887.815,0.9991409,0.001770466
2458887.817,1.0004029,0.001768233
2458887.818,1.0010977,0.001767006
2458887.82,1.0011739,0.001766871
2458887.821,0.99987555,0.001769165
2458887.822,1.000303,0.001768409
2458887.824,1.0000268,0.001768898
2458887.825,0.9987448,0.001771168
2458887.827,1.000912,0.001767333
2458887.828,0.9996399,0.001769582
2458887.829,0.99999064,0.001768962
2458887.831,1.0005783,0.001767923
2458887.832,1.0002359,0.001768528
2458887.835,1.0003753,0.001768282
2458887.836,0.99985975,0.001769193
2458887.838,0.99925447,0.001770265
2458887.839,0.99879616,0.001771077
2458887.84,1.0003072,0.001768402
2458887.842,0.99964684,0.00176957
2458887.843,0.9994429,0.001769931
2458887.845,0.9990242,0.001770673
2458887.846,0.99802953,0.001772438
2458887.847,0.99949056,0.001769847
2458887.849,0.9984268,0.001771733
2458887.85,0.9995884,0.001769674
2458887.852,0.99947554,0.001769873
2458887.853,0.998909,0.001770877
2458887.854,0.9989817,0.001770748
2458887.856,0.9989741,0.001770762
2458887.857,0.99756336,0.001773266
2458887.859,0.9994485,0.001769921
2458887.86,0.99940735,0.001769994
2458887.861,0.998021,0.001772453
2458887.863,0.99851257,0.00177158
2458887.864,0.99815756,0.00177221
2458887.865,0.99766773,0.00177308
2458887.867,0.99835986,0.001771851
2458887.868,0.9986017,0.001771422
2458887.87,0.99849266,0.001771616
2458887.871,0.99850535,0.001771593
2458887.872,0.9981474,0.001772228
2458887.874,0.99736995,0.00177361
2458887.875,0.9980941,0.001772323
2458887.877,0.9970528,0.001774174
2458887.879,0.9971078,0.001774076
2458887.881,0.99796116,0.001772559
2458887.882,0.99757415,0.001773247
2458887.884,0.996384,0.001775365
2458887.885,0.9980219,0.001772451
2458887.886,0.9972416,0.001773838
2458887.888,0.99756145,0.001773269
2458887.889,0.9971587,0.001773986
2458887.89,0.997919,0.001772634
2458887.892,0.99772435,0.00177298
2458887.893,0.99733704,0.001773668
2458887.895,0.9970048,0.001774259
2458887.896,0.9961804,0.001775728
2458887.897,0.99760085,0.001773199
2458887.899,0.99694955,0.001774358
2458887.9,0.9981684,0.001772191
2458887.902,0.99681205,0.001774603
2458887.903,0.9964952,0.001775167
2458887.904,0.9974789,0.001773416
2458887.906,0.9972236,0.00177387
2458887.907,0.9951196,0.001777621
2458887.909,0.99576914,0.001776461
2458887.91,0.9959737,0.001776096
2458887.911,0.9968165,0.001774595
2458887.913,0.9943672,0.001778966
2458887.914,0.99538827,0.001777141
2458887.915,0.99642116,0.001775299
2458887.917,0.9967016,0.001774799
2458887.918,0.9966064,0.001774969
2458887.92,0.99575925,0.001776479
2458887.921,0.9960336,0.001775989
2458887.924,0.9961228,0.00177583
2458887.925,0.9958317,0.00177635
2458887.927,0.99648464,0.001775186
2458887.928,0.9948059,0.001778181
2458887.929,0.9947611,0.001778261
2458887.931,0.9954508,0.001777029
2458887.932,0.99606967,0.001775925
2458887.934,0.99540675,0.001777108
2458887.935,0.99570614,0.001776574
2458887.936,0.99491084,0.001777994
2458887.938,0.99496645,0.001777894
2458887.939,0.9957906,0.001776423
2458887.94,0.99546957,0.001776996
2458887.942,0.99524134,0.001777403
2458887.943,0.995406,0.001777109
2458887.945,0.99535066,0.001777208
2458887.946,0.9951522,0.001777562
2458887.947,0.99598354,0.001776079
2458887.949,0.99595183,0.001776135
2458887.95,0.9948701,0.001778066
2458887.952,0.9946414,0.001778475
2458887.953,0.995399,0.001777122
2458887.954,0.9945101,0.00177871
2458887.956,0.9958007,0.001776405
2458887.957,0.9951023,0.001777652
2458887.959,0.9953444,0.001777219
2458887.96,0.9950898,0.001777674
2458887.961,0.9961005,0.00177587
2458887.963,0.99452484,0.001778684
2458887.964,0.9947945,0.001778202
2458887.965,0.9961423,0.001775796
2458887.967,0.9954378,0.001777052
2458887.968,0.9950847,0.001777683
2458887.97,0.9954244,0.001777076
2458887.972,0.99499357,0.001777846
2458887.974,0.99508077,0.00177769
2458887.975,0.9954515,0.001777028
2458887.977,0.9951667,0.001777537
2458887.978,0.9953194,0.001777264
2458887.979,0.9947007,0.001778369
2458887.981,0.9950053,0.001777825
2458887.982,0.9952147,0.001777451
2458887.984,0.994855,0.001778093
2458887.985,0.9950473,0.00177775
2458887.986,0.99574715,0.0017765
2458887.988,0.9949259,0.001777967
2458887.99,0.9948318,0.001778135
2458887.992,0.99490875,0.001777997
2458887.993,0.99485236,0.001778098
2458887.995,0.99568874,0.001776605
2458887.996,0.9940358,0.001779559
2458887.997,0.9953272,0.00177725
2458887.999,0.99426067,0.001779156
2458888,0.9948991,0.001778015
2458888.002,0.995335,0.001777236
2458888.003,0.9951391,0.001777586
2458888.004,0.99504304,0.001777757
2458888.006,0.9942839,0.001779115
2458888.007,0.9956161,0.001776734
2458888.009,0.99479914,0.001778193
2458888.01,0.99557203,0.001776813
2458888.011,0.99478793,0.001778213
2458888.013,0.994939,0.001777943
2458888.014,0.99593586,0.001776164
2458888.015,0.9953098,0.001777281
2458888.017,0.9956404,0.001776691
2458888.018,0.99549073,0.001776958
2458888.02,0.99497974,0.001777871
2458888.021,0.99458545,0.001778575
2458888.022,0.9955224,0.001776901
2458888.024,0.99466723,0.001778429
2458888.025,0.9942216,0.001779226
2458888.027,0.99530226,0.001777294
2458888.028,0.99362695,0.001780291
2458888.029,0.99488616,0.001778038
2458888.031,0.9954912,0.001776957
2458888.032,0.9958228,0.001776365
2458888.034,0.9947521,0.001778277
2458888.035,0.9951624,0.001777544
2458888.036,0.9948735,0.00177806
2458888.038,0.99472475,0.001778326
2458888.039,0.9938563,0.00177988
2458888.04,0.9952758,0.001777342
2458888.042,0.99420905,0.001779249
2458888.043,0.9943012,0.001779084
2458888.045,0.9955845,0.001776791
2458888.046,0.9958852,0.001776254
2458888.047,0.99493754,0.001777946
2458888.049,0.99544317,0.001777043
2458888.05,0.99491906,0.001777979
2458888.054,0.99449605,0.001778735
2458888.056,0.99499196,0.001777849
2458888.057,0.99552125,0.001776903
2458888.059,0.99429995,0.001779086
2458888.06,0.99432003,0.00177905
2458888.061,0.9935809,0.001780374
2458888.063,0.995084,0.001777684
2458888.064,0.9950136,0.00177781
2458888.065,0.9950817,0.001777688
2458888.067,0.995169,0.001777532
2458888.07,0.994291,0.001779102
2458888.071,0.9946518,0.001778457
2458888.072,0.99572,0.001776549
2458888.074,0.9949287,0.001777962
2458888.075,0.9945785,0.001778588
2458888.077,0.99558353,0.001776792
2458888.078,0.9947205,0.001778334
2458888.079,0.99518543,0.001777503
2458888.081,0.9943257,0.00177904
2458888.082,0.9952841,0.001777327
2458888.084,0.99428636,0.00177911
2458888.085,0.99420923,0.001779248
2458888.086,0.9953877,0.001777142
2458888.088,0.9940208,0.001779586
2458888.089,0.9950885,0.001777676
2458888.09,0.9948322,0.001778134
2458888.092,0.99492574,0.001777967
2458888.093,0.9941754,0.001779309
2458888.095,0.99458885,0.001778569
2458888.096,0.9934756,0.001780562
2458888.097,0.9953239,0.001777256
2458888.099,0.994298,0.00177909
2458888.1,0.9950605,0.001777726
2458888.102,0.99429774,0.00177909
2458888.103,0.99527526,0.001777343
2458888.104,0.99453133,0.001778672
2458888.106,0.9946334,0.00177849
2458888.107,0.99520016,0.001777477
2458888.109,0.9951059,0.001777645
2458888.11,0.9948436,0.001778114
2458888.111,0.99562544,0.001776718
2458888.113,0.9940638,0.001779509
2458888.114,0.9943133,0.001779062
2458888.115,0.9954937,0.001776953
2458888.117,0.99466765,0.001778428
2458888.118,0.9956133,0.001776739
2458888.12,0.99445784,0.001778804
2458888.121,0.9947179,0.001778339
2458888.122,0.99566627,0.001776645
2458888.124,0.99505234,0.001777741
2458888.125,0.9941551,0.001779345
2458888.127,0.99562657,0.001776716
2458888.128,0.9951104,0.001777637
2458888.129,0.9955249,0.001776897
2458888.131,0.9949063,0.001778002
2458888.132,0.9952506,0.001777387
2458888.134,0.9941553,0.001779345
2458888.135,0.99474734,0.001778286
2458888.136,0.9950958,0.001777663
2458888.138,0.99387413,0.001779848
2458888.139,0.99521315,0.001777454
2458888.14,0.9947646,0.001778255
2458888.142,0.9942561,0.001779165
2458888.143,0.9949246,0.001777969
2458888.145,0.9957634,0.001776471
2458888.146,0.99489295,0.001778026
2458888.147,0.9951191,0.001777622
2458888.149,0.9933861,0.001780723
2458888.15,0.9952078,0.001777463
2458888.152,0.9948366,0.001778126
2458888.153,0.99451005,0.00177871
2458888.154,0.99593914,0.001776158
2458888.156,0.99426556,0.001779148
2458888.157,0.9952968,0.001777304
2458888.159,0.9954881,0.001776963
2458888.16,0.99617416,0.001775739
2458888.161,0.995359,0.001777193
2458888.163,0.9952054,0.001777467
2458888.164,0.99553645,0.001776876
2458888.165,0.9950435,0.001777757
2458888.167,0.9962448,0.001775613
2458888.168,0.99379134,0.001779997
2458888.17,0.996253,0.001775598
2458888.171,0.99402785,0.001779573
2458888.172,0.99585843,0.001776302
2458888.174,0.9946807,0.001778405
2458888.175,0.9955569,0.00177684
2458888.177,0.9956318,0.001776706
2458888.178,0.9954085,0.001777105
2458888.179,0.9942835,0.001779115
2458888.181,0.99602556,0.001776004
2458888.184,0.9963768,0.001775378
2458888.185,0.99490273,0.001778008
2458888.186,0.99502677,0.001777787
2458888.188,0.9953698,0.001777174
2458888.189,0.9956953,0.001776593
2458888.19,0.99498945,0.001777853
2458888.192,0.99564034,0.001776691
2458888.193,0.9952751,0.001777343
2458888.195,0.99583006,0.001776352
2458888.196,0.99572456,0.001776541
2458888.197,0.9946137,0.001778525
2458888.199,0.99552655,0.001776894
2458888.2,0.9949598,0.001777906
2458888.202,0.9954126,0.001777098
2458888.203,0.9963425,0.001775439
2458888.204,0.99517936,0.001777514
2458888.206,0.9957507,0.001776494
2458888.207,0.9951737,0.001777524
2458888.209,0.99622035,0.001775657
2458888.21,0.9959757,0.001776093
2458888.211,0.9958174,0.001776375
2458888.213,0.99669445,0.001774812
2458888.214,0.99568313,0.001776615
2458888.215,0.99560666,0.001776751
2458888.217,0.99632454,0.001775471
2458888.218,0.9959022,0.001776224
2458888.22,0.99634355,0.001775437
2458888.221,0.99550694,0.001776929
2458888.222,0.99697626,0.00177431
2458888.224,0.9958456,0.001776325
2458888.225,0.99575865,0.00177648
2458888.227,0.9964328,0.001775278
2458888.228,0.9972866,0.001773758
2458888.229,0.9964341,0.001775276
2458888.231,0.9967063,0.001774791
2458888.232,0.9966608,0.001774872
2458888.234,0.99599475,0.001776059
2458888.235,0.9954683,0.001776998
2458888.236,0.99684256,0.001774548
2458888.238,0.99593943,0.001776157
2458888.239,0.99771446,0.001772997
2458888.24,0.99717635,0.001773954
2458888.242,0.99669427,0.001774812
2458888.243,0.99647146,0.001775209
2458888.245,0.9969644,0.001774331
2458888.246,0.9964669,0.001775217
2458888.247,0.9975742,0.001773247
2458888.249,0.9982179,0.001772103
2458888.25,0.99763244,0.001773143
2458888.252,0.9981236,0.001772271
2458888.253,0.9972453,0.001773831
2458888.254,0.99682885,0.001774573
2458888.256,0.9983886,0.0017718
2458888.257,0.9975748,0.001773246
2458888.259,0.99726784,0.001773791
2458888.26,0.99826825,0.001772014
2458888.261,0.99856865,0.001771481
2458888.263,0.9983561,0.001771858
2458888.264,0.9970328,0.00177421
2458888.265,0.9974716,0.001773429
2458888.267,0.998785,0.001771097
2458888.268,0.9980595,0.001772384
2458888.27,0.9981726,0.001772184
2458888.271,0.9976897,0.001773041
2458888.272,0.9978883,0.001772689
2458888.274,0.99955755,0.001769728
2458888.275,0.99852526,0.001771558
2458888.278,0.9988562,0.001770971
2458888.279,0.99881786,0.001771039
2458888.281,0.99871874,0.001771215
2458888.282,0.9992342,0.001770301
2458888.284,0.99853194,0.001771546
2458888.285,0.9989286,0.001770842
2458888.286,0.9994898,0.001769848
2458888.288,0.99907416,0.001770584
2458888.289,0.9993731,0.001770055
2458888.29,0.99916774,0.001770419
2458888.292,0.9986958,0.001771255
2458888.293,0.99910164,0.001770536
2458888.295,0.9989015,0.00177089
2458888.296,0.9991974,0.001770366
2458888.297,0.9981849,0.001772162
2458888.299,0.9991288,0.001770488
2458888.3,0.99949676,0.001769836
2458888.302,0.9995942,0.001769663
2458888.303,1.0005654,0.001767946
2458888.304,0.9997558,0.001769377
2458888.306,1.0005455,0.001767981
2458888.307,0.99983454,0.001769238
2458888.309,1.0001187,0.001768735
2458888.31,0.9997121,0.001769455
2458888.311,1.0003096,0.001768398
2458888.313,0.99828887,0.001771977
2458888.314,0.99936074,0.001770077
2458888.315,1.0011008,0.001767
2458888.317,1.0000883,0.001768789
2458888.318,1.0000112,0.001768925
2458888.32,1.0001942,0.001768602
2458888.321,1.000031,0.00176889
2458888.322,1.0002184,0.001768559
2458888.324,0.99943954,0.001769937
2458888.325,0.9996462,0.001769571
2458888.327,1.0003853,0.001768264
2458888.328,0.9995457,0.001769749
2458888.329,0.9997837,0.001769328
2458888.331,0.99920726,0.001770349
2458888.332,0.99964184,0.001769579
2458888.334,0.999854,0.001769203
2458888.335,1.0009552,0.001767257
2458888.336,1.0004102,0.00176822
2458888.338,1.0001163,0.001768739
2458888.339,0.99980617,0.001769288
2458888.34,1.0009762,0.00176722
2458888.342,1.0001606,0.001768661
2458888.343,1.0002999,0.001768415
2458888.345,0.9997354,0.001769413
2458888.346,1.0005863,0.001767909
2458888.347,1.0000479,0.00176886
2458888.349,1.0004141,0.001768213
2458888.35,1.0001311,0.001768713
2458888.352,1.0000776,0.001768808
2458888.353,1.0003593,0.00176831
2458888.354,0.99993414,0.001769062
2458888.356,1.0004232,0.001768197
2458888.357,0.9999048,0.001769114
2458888.359,0.99849427,0.001771613
2458888.36,1.0000728,0.001768816
2458888.361,0.9995976,0.001769657
2458888.363,0.99982566,0.001769254
2458888.364,0.9987329,0.001771189
2458888.365,0.99986476,0.001769184
2458888.367,0.9998644,0.001769185
2458888.368,1.0006876,0.00176773
2458888.37,0.99937993,0.001770043
2458888.371,1.0006508,0.001767795
2458888.372,0.99994975,0.001769034
2458888.374,1.0001261,0.001768722
2458888.375,1.0008105,0.001767513
2458888.377,0.999683,0.001769506
2458888.378,1.0001194,0.001768734
2458888.379,0.99949896,0.001769832
2458888.381,0.99960035,0.001769652
2458888.382,0.998615,0.001771399
2458888.384,0.9989324,0.001770836
2458888.385,0.9995929,0.001769666
2458888.386,0.99942786,0.001769958
2458888.388,1.0001283,0.001768718
2458888.389,0.9995883,0.001769674
2458888.39,0.9993426,0.001770109
2458888.392,1.000521,0.001768024
2458888.393,1.0003505,0.001768325
2458888.395,1.0003189,0.001768381
2458888.396,1.0005687,0.00176794
2458888.397,0.99994725,0.001769039
2458888.399,0.99870515,0.001771239
2458888.4,0.99931043,0.001770166
2458888.402,1.0006403,0.001767813
2458888.403,0.999655,0.001769556
2458888.404,1.001229,0.001766774
2458888.406,0.99982417,0.001769256
2458888.407,0.99967206,0.001769526
2458888.409,1.0007808,0.001767565
2458888.41,0.99981964,0.001769264
2458888.411,1.000019,0.001768912
2458888.413,0.9986573,0.001771324
2458888.414,0.9996988,0.001769478
2458888.415,1.0002656,0.001768475
2458888.417,1.0003084,0.0017684
2458888.418,1.0002908,0.001768431
2458888.42,0.9995051,0.001769821
2458888.421,1.0003754,0.001768281
2458888.422,1.0000702,0.001768821
2458888.424,0.99939597,0.001770014
2458888.425,0.99984723,0.001769216
2458888.427,0.99961925,0.001769619
2458888.428,0.999702,0.001769473
2458888.429,0.9994476,0.001769923
2458888.431,1.000212,0.00176857
2458888.432,1.0000879,0.00176879
2458888.434,0.99940246,0.001770003
2458888.435,1.0002931,0.001768427
2458888.436,1.0000805,0.001768803
2458888.438,0.9997885,0.001769319
2458888.439,0.99944186,0.001769933
2458888.44,1.0005519,0.001767969
2458888.442,0.9999518,0.001769031
2458888.443,0.998708,0.001771234
2458888.445,1.0005689,0.001767939
2458888.446,0.999597,0.001769658
2458888.447,1.0007515,0.001767617
2458888.449,1.000292,0.001768429
2458888.45,0.9996805,0.00176951
2458888.452,0.9998724,0.001769171
2458888.453,0.9998912,0.001769138
2458888.454,0.99989647,0.001769128
2458888.456,0.9999886,0.001768965
2458888.457,1.0001388,0.0017687
2458888.459,1.0000323,0.001768888
2458888.46,1.0001014,0.001768766
2458888.461,1.0004851,0.001768088
2458888.463,0.99960387,0.001769646
2458888.464,1.0007312,0.001767653
2458888.465,0.99957186,0.001769703
2458888.467,1.000042,0.001768871
2458888.468,0.9994955,0.001769838
2458888.47,0.99985284,0.001769206
2458888.471,0.99938935,0.001770026
2458888.472,1.0004933,0.001768073
2458888.474,1.0004927,0.001768074
2458888.475,0.9988432,0.001770994
2458888.477,0.9993397,0.001770114
2458888.478,1.001222,0.001766786
2458888.479,1.0001547,0.001768671
2458888.481,1.0001884,0.001768612
2458888.482,0.9995363,0.001769766
2458888.484,1.0006156,0.001767857
2458888.485,0.9999742,0.001768991
2458888.486,0.9997731,0.001769347
2458888.488,1.0004766,0.001768102
2458888.489,0.9999246,0.001769079
2458888.49,1.0004506,0.001768148
2458888.492,0.9998326,0.001769241
2458888.493,0.99895406,0.001770797
2458888.495,0.9990057,0.001770706
2458888.496,0.9997844,0.001769327
2458888.497,1.0002743,0.00176846
2458888.499,1.0003841,0.001768266
2458888.5,0.9996626,0.001769542
2458888.502,1.0002279,0.001768542
2458888.503,0.99968904,0.001769495
2458888.504,0.99985284,0.001769206
2458888.506,1.0005522,0.001767969
2458888.507,1.0000955,0.001768776
2458888.509,0.99962103,0.001769616
2458888.51,1.0000577,0.001768843
2458888.511,1.0003376,0.001768348
2458888.513,1.0004048,0.001768229
2458888.514,1.0001534,0.001768674
2458888.515,1.000781,0.001767565
2458888.517,1.0000492,0.001768858
2458888.518,0.99920154,0.001770359
2458888.52,1.0004277,0.001768189
2458888.521,1.0000408,0.001768873
2458888.522,1.000036,0.001768882
2458888.524,0.9997011,0.001769474
2458888.525,0.9999791,0.001768982
2458888.527,0.99889,0.001770911
2458888.528,1.0000274,0.001768897
2458888.529,0.9986382,0.001771357
2458888.531,1.0000303,0.001768892
2458888.532,1.0001713,0.001768642
2458888.534,0.9996516,0.001769562
2458888.535,1.000113,0.001768745
2458888.536,0.9997376,0.001769409
2458888.538,1.0002037,0.001768585
2458888.539,0.9999796,0.001768981
2458888.54,0.9998983,0.001769125
2458888.542,1.0002178,0.00176856
2458888.543,1.0002534,0.001768497
2458888.545,0.9999266,0.001769075
2458888.546,0.9996316,0.001769597
2458888.547,1.0003567,0.001768314
2458888.549,1.0006381,0.001767817
2458888.55,0.9980162,0.001772461
2458888.552,1.0000712,0.001768819
2458888.553,0.99942905,0.001769956
2458888.554,1.0009446,0.001767276
2458888.556,1.0001327,0.00176871
2458888.557,1.0007683,0.001767587
2458888.559,0.9999541,0.001769026
2458888.56,1.000945,0.001767275
2458888.561,0.999669,0.001769531
2458888.563,1.0002551,0.001768494
2458888.564,1.000339,0.001768346
2458888.565,0.9997698,0.001769353
2458888.567,1.0007124,0.001767686
2458888.568,1.0000604,0.001768838
2458888.57,1.0000125,0.001768923
2458888.571,1.0003303,0.001768361
2458888.572,0.99929535,0.001770193
2458888.574,0.99997604,0.001768988
2458888.575,1.0001451,0.001768689
2458888.577,0.9997271,0.001769428
2458888.578,1.0004188,0.001768205
2458888.579,0.9995836,0.001769682
2458888.581,1.0001082,0.001768754
2458888.582,1.0000598,0.001768839
2458888.584,1.0003897,0.001768256
2458888.585,1.0001822,0.001768623
2458888.586,0.9996737,0.001769522
2458888.588,0.99943703,0.001769942
2458888.589,0.99986184,0.00176919
2458888.59,1.000123,0.001768728
2458888.592,1.0000513,0.001768854
2458888.593,1.0003536,0.00176832
2458888.595,1.0002334,0.001768532
2458888.596,0.9997371,0.00176941
2458888.597,1.000193,0.001768604
2458888.599,0.999699,0.001769478
2458888.6,1.0001773,0.001768632
2458888.602,1.0001204,0.001768732
2458888.603,0.99934584,0.001770103
2458888.604,1.0000414,0.001768872
2458888.606,1.0004356,0.001768175
2458888.607,0.99973524,0.001769414
2458888.609,1.0003281,0.001768365
2458888.61,1.0000228,0.001768905
2458888.611,0.9994071,0.001769995
2458888.613,0.9997051,0.001769467
2458888.614,1.0004777,0.001768101
2458888.615,0.999976,0.001768988
2458888.617,0.9998697,0.001769176
2458888.618,0.9998416,0.001769226
2458888.62,1.0002556,0.001768493
2458888.622,1.000023,0.001768904
2458888.624,0.99937284,0.001770055
2458888.625,1.0006938,0.001767719
2458888.627,1.0002363,0.001768527
2458888.628,0.9992814,0.001770217
2458888.629,0.99928236,0.001770216
2458888.631,0.99956095,0.001769722
2458888.632,1.0004479,0.001768153
2458888.634,1.0002865,0.001768439
2458888.635,1.0003222,0.001768375
2458888.636,1.0005529,0.001767968
2458888.638,1.0010446,0.001767099
2458888.639,0.9995852,0.001769679
2458888.64,1.000834,0.001767471
2458888.642,1.000518,0.001768029
2458888.643,0.9990693,0.001770593
2458888.645,1.0010444,0.0017671
2458888.646,0.9989265,0.001770846
2458888.647,1.0001631,0.001768657
2458888.649,0.9998928,0.001769135
2458888.65,0.999777,0.00176934
2458888.652,0.9993754,0.001770051
2458888.653,0.99964076,0.001769581
2458888.654,1.0000608,0.001768838
2458888.656,1.0001972,0.001768597
2458888.657,0.99962276,0.001769613
2458888.659,0.99964917,0.001769566
2458888.66,0.99902105,0.001770679
2458888.661,0.9995823,0.001769684
2458888.663,0.9997136,0.001769452
2458888.664,0.9996222,0.001769614
2458888.665,1.0001403,0.001768697
2458888.667,1.0000519,0.001768853
2458888.668,0.9994938,0.001769841
2458888.67,0.99970937,0.001769459
2458888.671,1.000088,0.00176879
2458888.672,1.000411,0.001768218
2458888.674,0.99995506,0.001769025
2458888.675,0.9992991,0.001770186
2458888.677,0.9993296,0.001770132
2458888.678,0.9995306,0.001769776
2458888.679,1.000122,0.001768729
2458888.681,0.9998855,0.001769148
2458888.682,0.99947083,0.001769882
2458888.684,1.0002593,0.001768487
2458888.685,1.0005776,0.001767924
2458888.686,0.9991961,0.001770368
2458888.688,0.99991184,0.001769101
2458888.689,1.0010107,0.001767159
2458888.69,0.9993642,0.001770071
2458888.692,1.0002543,0.001768495
2458888.693,0.9999168,0.001769092
2458888.695,1.0004023,0.001768234
2458888.696,1.0006126,0.001767862
2458888.697,0.9999453,0.001769042
2458888.699,0.9989243,0.00177085
2458888.7,1.0001526,0.001768675
2458888.702,1.0004685,0.001768117
2458888.703,0.9999951,0.001768954
2458888.704,1.0002315,0.001768536
2458888.706,1.0001161,0.00176874
2458888.707,1.0009217,0.001767316
2458888.709,0.9997097,0.001769459
2458888.71,1.0003445,0.001768336
2458888.711,1.0007404,0.001767636
2458888.713,1.0002223,0.001768552